verse_id	version	heading_plain
11015024	KJV	Israel and Nadab
18003001	KJV	The Debate - Job's Outburst
43003001	KJV	Nicodemus
1003001	KJV	The Fall
1004001	KJV	Cain and Abel
1005001	KJV	Adam's Descendants
1006012	KJV	The Ark
1007010	KJV	The Great Flood
1009007	KJV	The Rainbow
1010001	KJV	Noah's Descendants
1011009	KJV	Ancestors of Abraham
1012001	KJV	God calls Abraham
1013001	KJV	Abraham and Lot
1015001	KJV	The Covenant
1018015	KJV	The Cities of the Plain
1020001	KJV	Abraham and Abimelech
1021001	KJV	Isaac
1022001	KJV	Offering of Isaac
1024001	KJV	Isaac and Rebekah
1025001	KJV	Death of Abraham
1025018	KJV	Esau and Jacob
1026001	KJV	The Philistines
1027001	KJV	Jacob
1028001	KJV	His Flight and Vision
1028017	KJV	Beth-el
1029001	KJV	Laban's Daughters
1030024	KJV	Jacob and Laban
1032001	KJV	Jacob and Esau
1034001	KJV	Jacob's Children
1035001	KJV	An Altar to God
1036001	KJV	Esau's Descendants
1037001	KJV	Joseph
1038001	KJV	Tribal History
1039001	KJV	Joseph in Egypt
1042001	KJV	His Brethren's Visits
1045015	KJV	Pharaoh's Invitation
1046001	KJV	God's Assurance
1046007	KJV	Jacob's Descendants
1046027	KJV	Jacob Goes to Egypt
1049001	KJV	Jacob's Blessing
1049027	KJV	Death of Jacob
1050014	KJV	Death of Joseph
2002001	KJV	Moses
2003001	KJV	The Angel of the Lord
2004017	KJV	Return to Egypt
2005001	KJV	Request to Pharaoh
2006013	KJV	Heads of the Families
2006027	KJV	Pharaoh's Refusal
2007013	KJV	The Plagues
2012001	KJV	The Passover
2012042	KJV	Ordinance of the Passover
2013016	KJV	The Exodus
2015001	KJV	Songs of Deliverance
2016001	KJV	Manna
2018001	KJV	Jethro
2019001	KJV	At Mount Sinai
2020021	KJV	The Book of the Covenant
2020021	KJV	Worship and Justice
2024001	KJV	The Covenant Confirmed
2025009	KJV	The Pattern of the Tabernacle
2028001	KJV	Priests
2029009	KJV	Sacrifices
2032001	KJV	The Golden Calf
2032029	KJV	Repentance
2034001	KJV	The Covenant is Renewed
2035001	KJV	The Building of the Tabernacle
2036007	KJV	The Tabernacle
19119001	KJV	א Aleph
19119016	KJV	ג Gimel
19119024	KJV	ד Dalet
19119032	KJV	ה He
19119040	KJV	ו Waw
19119048	KJV	ז Zain
19119064	KJV	ט Tet
19119072	KJV	י Yod
19119080	KJV	כ Kaph
19119088	KJV	ל Lamed
19119096	KJV	מ Mem
19119104	KJV	נ Nun
19119112	KJV	ס Samek
19119136	KJV	צ Zade
19119160	KJV	ש Shin
19119168	KJV	ת Taw
19119001	KJV	א Aleph
19119008	KJV	ב Bet
19119016	KJV	ג Gimel
19119024	KJV	ד Dalet
19119032	KJV	ה He
19119040	KJV	ו Waw
19119048	KJV	ז Zain
19119064	KJV	ט Tet
19119080	KJV	כ Kaph
19119088	KJV	ל Lamed
19119104	KJV	נ Nun
19119112	KJV	ס Samek
19119128	KJV	פ Pe
19119136	KJV	צ Zade
19119144	KJV	ק Qoph
19119160	KJV	ש Shin
19119168	KJV	ת Taw
2037001	KJV	The Ark
2037024	KJV	The Altars
2039001	KJV	The Ephod
2039031	KJV	The Tabernacle is erected
3001001	KJV	Sacrifices
3001002	KJV	The Burnt Offering
3002001	KJV	The Meat Offering
3003001	KJV	The Peace Offering
3004001	KJV	The Sin Offering
3005013	KJV	The Trespass Offering
3006007	KJV	Directions to Priests
3007010	KJV	The Peace Offerings
3008001	KJV	The Priesthood
3008005	KJV	Consecration
3009001	KJV	Induction
3010001	KJV	Exacting Service
3011001	KJV	Things Clean and Unclean
3011002	KJV	Food
3012001	KJV	Ritual Requirements
3013001	KJV	Leprosy
3015001	KJV	Personal Cleanliness
3016001	KJV	Day of Atonement
3017001	KJV	Law of Holiness
3017002	KJV	Sacrifices
3018001	KJV	Marriage
3019001	KJV	General Statutes
3021001	KJV	Rules for Priests
3023001	KJV	Sacred Calendar
3024001	KJV	Holy Things
3025001	KJV	Holy Times
3026002	KJV	Promises
3026013	KJV	Warnings
3027001	KJV	Vows and Tithes
4001001	KJV	The Camp at Sinai
4003001	KJV	Priests and Levites
4005001	KJV	Various Laws
4006001	KJV	Nazarites
4007001	KJV	Transport
4007083	KJV	Dedication
4008001	KJV	Service of Priests and Levites
4008004	KJV	The Levites
4008013	KJV	Their Service
4008019	KJV	Their Consecration
4008022	KJV	Period of Service
4009001	KJV	Keeping the Passover
4009008	KJV	Special Cases
4009014	KJV	Leaving Sinai
4010013	KJV	Order of the March
4011001	KJV	Discontent
4011030	KJV	Quails from the Sea
4012001	KJV	Miriam and Aaron
4013001	KJV	Spies Sent Out
4014001	KJV	Murmurings
4014012	KJV	Moses' Intercession
4014019	KJV	God's Judgement
4014039	KJV	Selfwilled People
4015001	KJV	Supplementary Laws
4016001	KJV	Moses and Aaron Challenged
4017001	KJV	Aaron's Rod
4018001	KJV	Law of Priests and Levites
4019001	KJV	The Red Heifer
4019010	KJV	Purification
4020001	KJV	Wandering in the Wilderness
4020001	KJV	Water from the Rock
4020013	KJV	Israel and Edom
4020021	KJV	Death of Aaron
4021003	KJV	Brasen Serpent
4021009	KJV	To the Plains of Moab
4022001	KJV	Balak and Balaam
4025001	KJV	Israel and Moab
4025005	KJV	The Midianites
4026001	KJV	Census of the People
4027001	KJV	Inheritance of Daughters
4027011	KJV	Moses and Joshua
4028001	KJV	A Calendar of Offerings
4030001	KJV	Vows
4031001	KJV	Spoils of War
4032001	KJV	Settlements of Tribes
4033001	KJV	Itinerary of the Journey
4033049	KJV	Division of Canaan
4035001	KJV	Cities for Levites
4035008	KJV	Cities of Refuge
4036001	KJV	Inheritance of Daughters
5004043	KJV	This is the Law
5012001	KJV	The Book of the Covenant
5012001	KJV	Statutes and Judgements
5012001	KJV	Religious Statutes
5016017	KJV	Civil Statutes
5019001	KJV	Criminal Law
5021014	KJV	Other Statutes
5026001	KJV	The Promised Land
5027001	KJV	The People of God
5028057	KJV	Words of Warning
5029001	KJV	A Last Appeal
5031023	KJV	The Written Word
5032001	KJV	The Song of Moses
5033001	KJV	The Blessing of Moses
5034001	KJV	The Death of Moses
6001001	KJV	The Promised Land
6002001	KJV	Spies Sent Out
6003001	KJV	Crossing the Jordan
6005012	KJV	Fall of Jericho
6007001	KJV	Ai is Destroyed
6009002	KJV	The Gibeonites
6010001	KJV	A Memorable Day
6010027	KJV	Completing the Conquest
6012001	KJV	Conquered Kings
6013001	KJV	Division of the Land
6013014	KJV	In the East
6014001	KJV	In the West
6018001	KJV	The Tabernacle
6020001	KJV	Cities of Refuge
6021001	KJV	Cities for Levites
6021042	KJV	Rest and Peace
6022009	KJV	Altar of Witness
6023001	KJV	Joshua's Farewell
7001001	KJV	Tribal Conquests
7003006	KJV	Othniel
7003011	KJV	Ehud
7004001	KJV	Deborah
7005001	KJV	Song of Deborah
7006001	KJV	Gideon
7006010	KJV	His Call
7007001	KJV	His Victories
7009001	KJV	His Son
7009021	KJV	The Men of Shechem
7010001	KJV	Minor Judges
7010005	KJV	Serving other Gods
7010016	KJV	The Ammonites
7011001	KJV	Jephthah
7011028	KJV	His Vow and Victory
7012001	KJV	Shibboleth
7012007	KJV	Minor Judges
7013001	KJV	Samson
7014001	KJV	Among the Philistines
7016003	KJV	Delilah
7017001	KJV	The Danites
7019001	KJV	The Benjamites
8002001	KJV	Ruth and Boaz
8003001	KJV	Naomi's Advice
8004001	KJV	Ruth's Marriage
9001008	KJV	Hannah's Prayer
9002011	KJV	The Sons of Eli
9002017	KJV	Samuel and Eli
9003001	KJV	The Call of Samuel
9007002	KJV	Samuel Rules Israel
9008001	KJV	Demand for a King
9009001	KJV	Saul
9010001	KJV	The Anointed King
9012001	KJV	Samuel's Farewell
9013001	KJV	Saul's Disobedience
9014001	KJV	Jonathan's Exploit
9015001	KJV	The Amalekites
9016001	KJV	David
9017001	KJV	David Slays Goliath
9018001	KJV	David and Jonathan
9021001	KJV	David and Saul
9025001	KJV	David and Abigail
9026001	KJV	Spares Saul's Life
9028006	KJV	The Witch of En-dor
9029001	KJV	David and His Men
9030020	KJV	Dividing the Spoil
9031001	KJV	The Death of Saul
10001016	KJV	David's Lament
10002001	KJV	King of Judah
10002007	KJV	The End of Saul's House
10003011	KJV	David, Abner, and Joab
10005001	KJV	King over all Israel
10005005	KJV	Capture of Jerusalem
10006001	KJV	The Ark of the Lord
10007001	KJV	The House of the Lord
10008001	KJV	Enemies and Friends
10011001	KJV	David and Bath-sheba
10013001	KJV	Family Problems
10015001	KJV	Absalom's Revolt
10015029	KJV	David's Flight
10018008	KJV	Death of Absalom
10019015	KJV	David's Return
10021001	KJV	Famine
10022001	KJV	Hymn of Praise
10023001	KJV	David's Last Words
10023007	KJV	His Mighty Men
10024001	KJV	Numbering the People
10024017	KJV	An Altar unto the Lord
11001004	KJV	David's Successor
11002001	KJV	David's Charge to Solomon
11003001	KJV	Marriage to Pharaoh's Daughter
11003004	KJV	Solomon's Choice of Wisdom
11004001	KJV	His Princes
11005001	KJV	Building the Temple
11006001	KJV	The House of the Lord
11007001	KJV	Solomon's House
11007012	KJV	Temple Furniture
11007050	KJV	The Dedication
11008021	KJV	Solomon's Prayer
11008053	KJV	His Blessing
11009001	KJV	God's Covenant
11009009	KJV	Cities and Ships
11010001	KJV	The Queen of Sheba
11010013	KJV	Wealth and Splendour
11011001	KJV	His Fall
11011025	KJV	Jeroboam's Revolt
11012001	KJV	The Kingdom Divided
11012025	KJV	Golden Calves
11013001	KJV	At Beth-el's Altar
11014001	KJV	Jeroboam's Son
11014020	KJV	Judah
11014020	KJV	Rehoboam
11015001	KJV	Abijam
11015008	KJV	Asa
11015026	KJV	Baasha
11016001	KJV	Jehu
11016007	KJV	Civil War in Israel
11016020	KJV	Omri
11016028	KJV	Ahab
11017001	KJV	Elijah
11017007	KJV	At Zarephath
11018001	KJV	In Samaria
11018019	KJV	Mount Carmel
11019001	KJV	On Mount Horeb
11019018	KJV	The Call of Elisha
11020001	KJV	Syria Attacks Israel
11021001	KJV	Naboth's Vineyard
11021016	KJV	Elijah denounces Ahab
11022001	KJV	The Death of Ahab
11022040	KJV	The Two Kingdoms
12001002	KJV	Elijah and the Messengers
12002001	KJV	Elijah's Translation
12002014	KJV	Elisha
12002018	KJV	Healed the Waters
12003003	KJV	Fills the Water Trenches
12004001	KJV	Vessels of Oil
12004007	KJV	The Shunammite's Son
12005001	KJV	Healed Naaman the Leper
12005019	KJV	Elisha's Servant
12006001	KJV	The Borrowed Axe
12006007	KJV	Elisha and the Syrians
12006023	KJV	The Siege of Samaria
12007002	KJV	Flight of the Syrians
12008001	KJV	Shunammite Woman's Estate
12008006	KJV	Elisha and Hazael
12011001	KJV	Athaliah
12012001	KJV	Jehoash
12013001	KJV	Jehoahaz, son of Jehu
12013009	KJV	Jehoash
12013013	KJV	Death of Elisha
12014001	KJV	Amaziah
12014016	KJV	Azariah (Uzziah: II Chron. 26.1)
12014022	KJV	Jeroboam II
12014027	KJV	Zachariah
12015001	KJV	Judah's Kings
12015007	KJV	Israel's Last Kings
12015031	KJV	Jotham
12016001	KJV	Ahaz
12017001	KJV	Fall of Samaria
12018001	KJV	Judah
12018001	KJV	Hezekiah
12018012	KJV	Assyria's Threat
12019004	KJV	Isaiah's Counsel
12019034	KJV	Jerusalem Delivered
12020001	KJV	Hezekiah's Sickness
12020011	KJV	Letters from Babylon
12020013	KJV	Isaiah's Prophecy
12021001	KJV	Manasseh
12021018	KJV	Amon
12022001	KJV	Josiah
12022002	KJV	The Repair of the Temple
12022007	KJV	The Book of the Law
12023003	KJV	Josiah's Reforms
12023030	KJV	Jehoahaz
12024001	KJV	Jehoiakim
12024007	KJV	Jehoiachin
12024009	KJV	Fall of Jerusalem
13001001	KJV	Official Lists
13001001	KJV	Adam's Descendants
13001042	KJV	Kings of Edom
13002001	KJV	Sons of Israel
13003001	KJV	House of David
13004001	KJV	Sons of Judah
13004023	KJV	Sons of Simeon
13005001	KJV	Sons of Reuben
13006001	KJV	Sons of Levi
13006048	KJV	Sons of Aaron
13007001	KJV	Sons of Issachar
13007005	KJV	Benjamin and Naphtali
13007013	KJV	Joseph's Family
13007029	KJV	Sons of Asher
13008001	KJV	Tribe of Benjamin
13008032	KJV	House of Saul
13009001	KJV	Inhabitants of Jerusalem
13009034	KJV	In Gibeon
13010001	KJV	From Saul to David
13011001	KJV	From Hebron to Jerusalem
13011009	KJV	David's Mighty Men
13013001	KJV	The Ark of the Lord is brought to Jerusalem
13013001	KJV	A Solemn Journey
13014001	KJV	Gifts from Tyre
13014002	KJV	David's Family
13014007	KJV	His Victories
13015001	KJV	The Ark of the Lord
13016006	KJV	Psalm of Praise
13017001	KJV	The House of the Lord
13018001	KJV	David's Conquests
13021001	KJV	A Cause of Trespass
13021017	KJV	An Altar unto the Lord
13022001	KJV	Plans for the Temple
13023001	KJV	Temple Appointments
13023001	KJV	Priests and Levites
13025001	KJV	Musicians and Singers
13026001	KJV	Officers and Judges
13027001	KJV	Overseers
13028001	KJV	David's Last Words
13029009	KJV	Gives Thanks to God
14002001	KJV	Building the Temple
14002016	KJV	Foreign Labour
14003001	KJV	The Temple Building
14004001	KJV	Temple Furniture
14005001	KJV	The Dedication
14006011	KJV	Solomon's Prayer
14007001	KJV	The Glory of the Lord
14007010	KJV	The Divine Covenant
14008001	KJV	Solomon's Reign
14009001	KJV	The Queen of Sheba
14009012	KJV	Solomon's Wealth
14009021	KJV	His Wisdom
14010001	KJV	The Kingdom of Judah
14010005	KJV	King Rehoboam
14010015	KJV	Revolt of Ten Tribes
14011001	KJV	Jerusalem the capital of Judah
14011001	KJV	Its Fortifications and Fenced Cities
14012001	KJV	Attacked by Egypt
14013001	KJV	Abijah's Reign
14014001	KJV	Asa
14015001	KJV	The Prophecy of Oded
14017001	KJV	Jehoshaphat
14018003	KJV	The Prophecy of Micaiah
14020004	KJV	Jehoshaphat's Prayer
14021001	KJV	Jehoram
14022001	KJV	Ahaziah
14022009	KJV	Athaliah
14024001	KJV	Joash
14025001	KJV	Amaziah
14026001	KJV	Uzziah
14027001	KJV	Jotham
14028001	KJV	Ahaz
14029001	KJV	Hezekiah
14029015	KJV	Cleansed the Temple
14030001	KJV	Renewed the Passover
14031004	KJV	Encouraged the People
14032001	KJV	Jerusalem Threatened
14032020	KJV	Jerusalem Delivered
14033001	KJV	Manasseh
14033020	KJV	Amon
14034001	KJV	Josiah
14034013	KJV	The Book of the Law Found
14034028	KJV	The Covenant Renewed
14035019	KJV	Death of Josiah
14036001	KJV	Under Egypt
14036004	KJV	Attacked by Babylon
14036016	KJV	The Captivity
14036021	KJV	The Return
15002001	KJV	Zerubbabel's Company
15003001	KJV	The Return to Jerusalem
15003007	KJV	Rebuilding the Temple
15004001	KJV	Work is Hindered
15005001	KJV	The Work Resumed
15006001	KJV	The King's Decree
15006015	KJV	The Feast of Dedication
15007001	KJV	Ezra
15007010	KJV	Letter of Authority
15008001	KJV	Ezra's Company
15008014	KJV	The Journey
15008020	KJV	Prayer on the Way
15008030	KJV	In Jerusalem
15008034	KJV	An Offering to God
15009001	KJV	Foreign Marriages
15010005	KJV	A Great Assembly
16002001	KJV	The King's Commission
16002011	KJV	Surveys Jerusalem
16002018	KJV	Meets Opposition
16003001	KJV	Specification of Work
16004001	KJV	Hostility to the Work
16004008	KJV	Nehemiah's Response
16005001	KJV	A Cry of the People
16006001	KJV	More Opposition
16006014	KJV	The Wall Finished
16007004	KJV	Register of the Exiles
16008001	KJV	A Great Assembly
16009004	KJV	The Confession
16009031	KJV	Sealing the Covenant
16010001	KJV	Those who sealed it
16010027	KJV	Special Obligations
16011001	KJV	Inhabitants of Jerusalem
16011019	KJV	In Other Cities
16012001	KJV	Zerubbabel's Company
16012026	KJV	At the Dedication
16013001	KJV	Nehemiah's Reforms
16013014	KJV	Keeping the Sabbath
17002001	KJV	Esther is Crowned
17003001	KJV	Haman's Plot
17005001	KJV	Esther's Request
17008001	KJV	Mordecai Honoured
17009019	KJV	The Feast of Purim
18001005	KJV	Job's Character
18001012	KJV	His Afflictions
18002010	KJV	His Friends
18004001	KJV	Eliphaz Speaks
18006001	KJV	Job's Answer
18008001	KJV	Bildad's Speech
18009001	KJV	Job's Reply
18011001	KJV	Zophar's Speech
18012001	KJV	Job's Reply
18015001	KJV	Eliphaz Speaks
18016001	KJV	Job's Reply
18018001	KJV	Bildad's Speech
18019001	KJV	Job's Reply
18020001	KJV	Zophar's Speech
18021001	KJV	Job's Reply
18022001	KJV	Eliphaz Speaks
18023001	KJV	Job's Reply
18025001	KJV	Bildad's Speech
18026001	KJV	Job's Reply
18032001	KJV	Elihu's Intrusion
18040002	KJV	Job's Reply
18040005	KJV	The Lord's Answer
18042001	KJV	Job's Reply
18042006	KJV	The Epilogue
19009001	KJV	א Aleph
19009002	KJV	ב Bet
19009004	KJV	ג Gimel
19009006	KJV	ה He
19009008	KJV	ו Waw
19009010	KJV	ז Zain
19009012	KJV	ח Het
19009014	KJV	ט Tet
19009016	KJV	י Yod
19009017	KJV	כ Kaph
19010001	KJV	ל Lamed
19010002	KJV	(מ Mem)
19010003	KJV	(נ Nun)
19010006	KJV	(ס Samek)
19010006	KJV	פ Pe
19010008	KJV	ע Ain
19010009	KJV	(צ Zade)
19010011	KJV	ק Qoph
19010013	KJV	ר Resh
19010014	KJV	ש Shin
19010016	KJV	ת Taw
19025001	KJV	א Aleph
19025002	KJV	ב Bet
19025002	KJV	ג Gimel
19025003	KJV	ד Dalet
19025004	KJV	ה He
19025005	KJV	(ו Waw)
19025005	KJV	ז Zain
19025006	KJV	ח Het
19025007	KJV	ט Tet
19025008	KJV	י Yod
19025009	KJV	כ Kaph
19025010	KJV	ל Lamed
19025011	KJV	מ Mem
19025012	KJV	נ Nun
19025013	KJV	ס Samek
19025014	KJV	ע Ain
19025015	KJV	פ Pe
19025016	KJV	צ Zade
19025017	KJV	(ק Qoph)
19025018	KJV	ר Resh
19025019	KJV	ש Shin
19025020	KJV	ת Taw
19034002	KJV	ג Gimel
19034003	KJV	ד Dalet
19034004	KJV	ה He
19034005	KJV	ז Zain
19034006	KJV	ח Het
19034007	KJV	ט Tet
19034008	KJV	י Yod
19034009	KJV	כ Kaph
19034010	KJV	ל Lamed
19034011	KJV	מ Mem
19034012	KJV	נ Nun
19034013	KJV	ס Samek
19034014	KJV	ע Ain
19034015	KJV	פ Pe
19034016	KJV	צ Zade
19034017	KJV	ק Qoph
19034018	KJV	ר Resh
19034019	KJV	ש Shin
19034020	KJV	ת Taw
19037001	KJV	א Aleph
19037002	KJV	ב Bet
19037004	KJV	ג Gimel
19037006	KJV	ד Dalet
19037007	KJV	ה He
19037009	KJV	ו Waw
19037011	KJV	ז Zain
19037013	KJV	ח Het
19037015	KJV	ט Tet
19037017	KJV	י Yod
19037019	KJV	כ Kaph
19037020	KJV	ל Lamed
19037022	KJV	מ Mem
19037024	KJV	נ Nun
19037026	KJV	ס Samek
19037028	KJV	ע Ain
19037029	KJV	פ Pe
19037031	KJV	צ Zade
19037033	KJV	ק Qoph
19037034	KJV	ר Resh
19037036	KJV	ש Shin
19037038	KJV	ת Taw
19111001	KJV	א Aleph
19111001	KJV	ב Bet
19111001	KJV	ג Gimel
19111002	KJV	ד Dalet
19111002	KJV	ה He
19111004	KJV	ח Het
19111004	KJV	ט Tet
19111005	KJV	י Yod
19111005	KJV	כ Kaph
19111008	KJV	ע Ain
19111008	KJV	פ Pe
19111010	KJV	ש Shin
19111010	KJV	ת Taw
19112001	KJV	א Aleph
19112001	KJV	ב Bet
19112001	KJV	ג Gimel
19112003	KJV	ו Waw
19112003	KJV	ז Zain
19112006	KJV	ל Lamed
19112006	KJV	מ Mem
19112007	KJV	נ Nun
19112007	KJV	ס Samek
19112009	KJV	צ Zade
19112009	KJV	ק Qoph
19112009	KJV	ר Resh
19112010	KJV	ש Shin
19112010	KJV	ת Taw
19119001	KJV	א Aleph
19119016	KJV	ג Gimel
19119024	KJV	ד Dalet
19119032	KJV	ה He
19119040	KJV	ו Waw
19119048	KJV	ז Zain
19119056	KJV	ח Het
19119064	KJV	ט Tet
19119080	KJV	כ Kaph
19119088	KJV	ל Lamed
19119104	KJV	נ Nun
19119112	KJV	ס Samek
19119120	KJV	ע Ain
19119136	KJV	צ Zade
19119152	KJV	ר Resh
19119160	KJV	ש Shin
19119168	KJV	ת Taw
19145002	KJV	ג Gimel
19145003	KJV	ד Dalet
19145004	KJV	ה He
19145005	KJV	ו Waw
19145006	KJV	ז Zain
19145007	KJV	ח Het
19145008	KJV	ט Tet
19145009	KJV	י Yod
19145010	KJV	כ Kaph
19145011	KJV	ל Lamed
19145012	KJV	מ Mem
19145013	KJV	ס Samek
19145014	KJV	ע Ain
19145015	KJV	פ Pe
19145016	KJV	צ Zade
19145017	KJV	ק Qoph
19145018	KJV	ר Resh
19145019	KJV	ש Shin
19145020	KJV	ת Taw
20001019	KJV	The Cry of Wisdom
20004001	KJV	A Father's Instruction
20008001	KJV	Wisdom and Folly
20010001	KJV	Proverbs of Solomon
20022016	KJV	Words of the Wise
20025001	KJV	Proverbs of Solomon
20030001	KJV	Words of Agur
20031001	KJV	Words of Lemuel
20031009	KJV	The Good Wife
21001011	KJV	The Vanity of Knowledge
21002001	KJV	The Vanity of Pleasure
21002017	KJV	The Vanity of Work and Riches
21007001	KJV	The Vanity of Fame
21007022	KJV	The Quest for Wisdom
23002001	KJV	Jerusalem
23003015	KJV	The Daughters of Zion
23005001	KJV	A Parable
23006001	KJV	Isaiah's Vision and Call
23007001	KJV	Isaiah and Ahaz
23007009	KJV	The Sign Immanuel
23009001	KJV	The Prince of Peace
23010004	KJV	Assyria
23011001	KJV	The Root and Branch
23013001	KJV	Concerning the Nations
23014023	KJV	Assyria
23014027	KJV	Palestina
23018001	KJV	Ethiopia
23019001	KJV	Egypt
23021010	KJV	Dumah
23021012	KJV	Arabia
23022001	KJV	Jerusalem
23024001	KJV	The Whole World
23025001	KJV	Songs of Deliverance
23026001	KJV	National Hopes
23029001	KJV	Jerusalem
23030001	KJV	Relations with Egypt
23032008	KJV	Women of Jerusalem
23034001	KJV	The Day of the Lord
23035001	KJV	The Glory of the Lord
23036001	KJV	Isaiah and Hezekiah
23036003	KJV	The Assyrian Threat
23037013	KJV	Hezekiah's Prayer
23038001	KJV	Hezekiah's Sickness
23038008	KJV	Hymn of Thanksgiving
23039001	KJV	Towards the Captivity
23040001	KJV	Concerning the return to Jerusalem
23040008	KJV	Behold your God
23041007	KJV	Appeal to Exiles
23041020	KJV	Challenge to Nations
23042001	KJV	Behold my Servant
23043013	KJV	Fall of Babylon
23044008	KJV	Vanity of Idols
23044020	KJV	Let the Universe Rejoice
23044023	KJV	The Choice of Cyrus
23045001	KJV	The Call of Cyrus
23046001	KJV	Gods of Babylon
23047001	KJV	Doom of Babylon
23048001	KJV	Israel's Obstinacy
23049001	KJV	The Servant's Commission
23050003	KJV	The Servant's Endowment
23051008	KJV	The Arm of the Lord
23052012	KJV	The Suffering Servant
23054001	KJV	Jerusalem's Future
23055001	KJV	Divine Invitation to Return
23060001	KJV	The New Jerusalem
23061001	KJV	The Lord's Anointed
23063001	KJV	A Day of Judgement
24001003	KJV	The Prophet's Call
24002001	KJV	The Word of the Lord to Judah
24002008	KJV	The Divine Appeal
24003005	KJV	Israel and Judah
24004004	KJV	The Coming Judgement
24004018	KJV	The Prophet's Grief
24005001	KJV	A Hopeless Outlook
24005013	KJV	The Lord's Agents
24006001	KJV	The City is Besieged
24007001	KJV	The Temple Proclamation
24007028	KJV	Let Jerusalem Mourn
24008003	KJV	No Man Repented
24008017	KJV	The Prophet's Sorrow
24010001	KJV	The Only True God
24011001	KJV	The Covenant Recalled
24011017	KJV	A Plot Against the Prophet
24012001	KJV	The Prophet's Problem
24013001	KJV	Parable of the Girdle
24013011	KJV	Coming Disaster
24013019	KJV	The Leopard's Spots
24014001	KJV	A Great Drought
24015009	KJV	The Prophet's Lament
24017001	KJV	A Pen of Iron
24017004	KJV	Trust in the Lord
24017018	KJV	Keep the Sabbath
24018001	KJV	Parable of the Potter
24018017	KJV	Enemies of the Prophet
24019001	KJV	Broken Pottery
24020001	KJV	Jeremiah in the Stocks
24021001	KJV	Jerusalem Besieged
24022001	KJV	Unworthy Rulers
24023008	KJV	Unworthy Prophets and Priests
24024001	KJV	Parable of the Figs
24025001	KJV	The Fall of Judah
24025014	KJV	The Doom of the Nations
24026001	KJV	Attacked in the Temple
24027001	KJV	A Yoke on the Prophet's Neck
24029001	KJV	His Letter to the Exiles
24029023	KJV	Concerning Shemaiah
24031030	KJV	The New Covenant
24032001	KJV	Jeremiah Buys a Field
24033001	KJV	Shut Up in Prison
24034001	KJV	Rebukes the King
24035001	KJV	Commends the Rechabites
24036001	KJV	The Burning of the Scroll
24037001	KJV	The King's Appeal
24037010	KJV	Jeremiah Imprisoned
24038003	KJV	Condemned to Death
24038006	KJV	Rescued by an Ethiopian
24038013	KJV	A Secret Interview
24039001	KJV	Jerusalem Destroyed
24039010	KJV	Jeremiah Spared
24040001	KJV	Stays with the Remnant
24040012	KJV	Murder of the Governor
24042001	KJV	Jeremiah's Counsel
24043001	KJV	Jeremiah Taken to Egypt
24044001	KJV	The Prophet in Egypt
24044014	KJV	A Protest
24044019	KJV	The Prophet's Answer
24045001	KJV	A Word for Baruch
24046001	KJV	Concerning the Foreign Nations
24046009	KJV	The Day of the Lord
24047001	KJV	Philistia
24049001	KJV	Ammon
24049006	KJV	Edom
24049027	KJV	Kedar
24049033	KJV	Elam
26001003	KJV	His Vision
26002001	KJV	His Call
26003015	KJV	His Mission
26004001	KJV	Before the fall of Jerusalem
26004001	KJV	Symbols of its Fall
26005004	KJV	The City's Destruction
26006001	KJV	The Desolation of the Land
26007001	KJV	A Day of Doom
26008001	KJV	Abominations in the Temple
26009001	KJV	Slaughter of the People
26010001	KJV	Burning of the City
26011001	KJV	Abandoned by God
26012001	KJV	The March of Exiles
26013001	KJV	Woe to the False Prophets
26014001	KJV	The Certainty of Judgement
26015001	KJV	Jerusalem a Fruitless Vine
26016001	KJV	A Foundling
26016014	KJV	Shameful Ingratitude
26017001	KJV	The Eagle and the Cedar
26018001	KJV	Personal Responsibility
26019001	KJV	A Lamentation
26020001	KJV	A Long Record of Sin
26021001	KJV	The Sword of Justice
26022001	KJV	The City of Blood
26023001	KJV	The Two Sisters
26024001	KJV	The End of the Siege
26025001	KJV	Judgement upon the Nations
26025007	KJV	Moab
26025011	KJV	Edom
26025014	KJV	Philistia
26028001	KJV	The King of Tyre
26029001	KJV	Egypt
26030001	KJV	Desolation of Egypt
26031001	KJV	Pharaoh's Greatness
26032001	KJV	Pharaoh's Doom
26033001	KJV	After the fall of Jerusalem
26033020	KJV	News of Jerusalem
26034001	KJV	Government to be Replaced
26035001	KJV	Land to be Restored
26036015	KJV	People to be Renewed
26037001	KJV	The Breath of the Lord
26038001	KJV	Final Triumph
26038009	KJV	Gog's Evil Design
26040001	KJV	The Temple of the Holy City
26040004	KJV	The Temple Buildings
26040038	KJV	Its Tables
26041001	KJV	The Holy of Holies
26041014	KJV	Interior of the Temple
26042014	KJV	The Whole Enclosure
26043001	KJV	The Return of the Lord
26043012	KJV	The Altar
26044001	KJV	Temple Officers
26044008	KJV	The Levites
26044014	KJV	The Priests
26045006	KJV	The Prince's Portion
26045017	KJV	The Festivals
26046001	KJV	The Sabbath
26046005	KJV	The New Moon
26046012	KJV	The Daily Offering
26046018	KJV	The Temple Kitchens
26047001	KJV	The River of Life
26047012	KJV	Boundaries of the Land
26048001	KJV	Tribal Allotments
26048029	KJV	The Gates of the City
27002001	KJV	Nebuchadnezzar's Dream
27003001	KJV	The Golden Image
27003007	KJV	God's Heroes
27003018	KJV	The Fiery Furnace
27004001	KJV	Signs and Wonders
27005001	KJV	Belshazzar's Feast
27005024	KJV	The Writing on the Wall
27006001	KJV	The Den of Lions
27007001	KJV	Daniel's Visions
27007001	KJV	Four Great Beasts
27008001	KJV	A Ram and Goat
27009001	KJV	The Time of Restoration
27010001	KJV	The End of the Age
28002001	KJV	Israel, a Faithless Wife
28003001	KJV	Her Purchase Price
28003003	KJV	Israel's Return
28004001	KJV	The 
28004001	KJV	LORD
28004001	KJV	's Controversy
28005001	KJV	Against Priests and Kings
28006001	KJV	A Brief Repentance
28007001	KJV	A Half-baked Cake
28008001	KJV	Reaping the Whirlwind
28009001	KJV	Days of Recompence
28010001	KJV	Their Divided Heart
28011001	KJV	The Father's Love
28012001	KJV	His Past Mercies
28013001	KJV	The Only Saviour
28014001	KJV	Return, O Israel!
29001012	KJV	The Day of the Lord
29003001	KJV	The Valley of Decision
30001001	KJV	God and the Nations
30001002	KJV	Damascus
30001005	KJV	Gaza
30001008	KJV	Tyre
30001010	KJV	Edom
30001012	KJV	Ammon
30002001	KJV	Moab
30002003	KJV	Judah
30002005	KJV	Israel
30003001	KJV	God and Israel
30004001	KJV	The Women of Samaria
30005001	KJV	The Worshippers of Beth-el
30006001	KJV	The Rulers at Ease
30007001	KJV	Visions of Judgement
30007001	KJV	Locusts
30007003	KJV	Fire
30007006	KJV	The Plumbline
30007009	KJV	Amos at Beth-el
30008001	KJV	A Basket of Fruit
30009001	KJV	The Lord at the Altar
31001009	KJV	Edom's Violence
32001016	KJV	The Prophet's Prayer
32003001	KJV	The Prophet's Obedience
32004001	KJV	The Prophet's Education
33001001	KJV	The House of Israel
33001009	KJV	The House of Judah
33002001	KJV	To Men in Power
33003001	KJV	Jerusalem, City of Blood
33004001	KJV	Jerusalem, City of God
33005001	KJV	Little Town of Beth-lehem
33006008	KJV	His Call to the City
33007006	KJV	Her Trust in God
34001001	KJV	The Wrath of God
34002002	KJV	Attack on Nineveh
34003001	KJV	The End of Nineveh
35002001	KJV	His Watchtower
35003001	KJV	His Prayer
36001001	KJV	The Day of the 
36001001	KJV	LORD
36001001	KJV	's Wrath
36001001	KJV	The Day of the Lord
36002003	KJV	The Philistines
36002007	KJV	Moab and Ammon
36002011	KJV	Ethiopia and Assyria
36003001	KJV	Jerusalem's Danger
36003007	KJV	Jerusalem's Deliverance
37001002	KJV	This House Lies Waste
37002001	KJV	Recall its First Glory
37002017	KJV	Build for a Great Future
38001002	KJV	Call to Repentance
38001006	KJV	Visions of the Night
38001006	KJV	Among the Myrtle Trees
38001017	KJV	Four Horns
38002001	KJV	A Measuring Line
38003001	KJV	The Trial of the High Priest
38004001	KJV	A Golden Candlestick
38005001	KJV	A Flying Roll
38005004	KJV	An Ephah and a Talent
38006001	KJV	Four Chariots
38006008	KJV	The New Jerusalem
38006008	KJV	A Coronation
38007001	KJV	True Righteousness
38008001	KJV	A City of Truth
38009001	KJV	The City of God
38009008	KJV	The King of Peace
38009014	KJV	He Will Save His People
38010005	KJV	Judah and Israel
38011001	KJV	Their Glory is Spoiled
38012001	KJV	A Trembling City
38012009	KJV	A Day of Mourning
38013001	KJV	A Cleansing Fountain
38014001	KJV	The City Saved
38014008	KJV	Lord of All
38014015	KJV	Universal Worship
38014019	KJV	An Age of Holiness
39002009	KJV	One Father
39003006	KJV	Return Unto Me
39003012	KJV	Final Triumph
39004003	KJV	A Call to Remembrance
40001017	KJV	The Birth of Jesus
40002001	KJV	Wise Men from the East
40002012	KJV	The Flight to Egypt
40002018	KJV	Return to Nazareth
40003001	KJV	His Baptism and Temptation
40003001	KJV	John the Baptist
40003012	KJV	The Baptism of Jesus
40004001	KJV	His Temptation
40004011	KJV	His Work in Galilee
40004017	KJV	His First Disciples
40004022	KJV	Begins His Ministry
40005001	KJV	Sermon on the Mount
40005020	KJV	The New Law
40006001	KJV	Real Religion
40006023	KJV	True Wisdom
40008004	KJV	Marvellous Deeds
40008017	KJV	Power Over Men
40008022	KJV	Power Over Nature
40008027	KJV	Power Over Devils
40009001	KJV	Forgives Sin
40009008	KJV	Calls Publicans and Sinners
40009013	KJV	Signs of Change
40009017	KJV	Signs of Faith
40009035	KJV	Jesus and His Apostles
40010001	KJV	Names of the Twelve
40010004	KJV	Their Work Outlined
40011001	KJV	Jesus and the Baptist
40011019	KJV	Jesus and His Opponents
40011024	KJV	The Hidden Revelation
40012001	KJV	Jesus Challenged
40012013	KJV	A Council of Pharisees
40012021	KJV	False Charges
40012030	KJV	Blasphemy
40012037	KJV	Demand for a Sign
40012046	KJV	His Mother and Brethren
40013001	KJV	Parables of the Kingdom
40013002	KJV	The Sower
40013023	KJV	The Tares
40013030	KJV	Mustard Seed
40013032	KJV	Leaven
40013035	KJV	The Tares Explained
40013043	KJV	Treasures
40013046	KJV	The Drag-net
40013053	KJV	The Rejection
40014001	KJV	From Place to Place
40014012	KJV	Into a Desert Place
40014014	KJV	Feeding Five Thousand
40014021	KJV	Walking on the Sea
40014033	KJV	At Gennesaret
40015020	KJV	Tyre and Sidon
40015028	KJV	By the Sea of Galilee
40015031	KJV	Feeding Four Thousand
40016012	KJV	The Great Confession
40016020	KJV	True Discipleship
40017001	KJV	The Transfiguration
40017013	KJV	Cures an Afflicted Boy
40017021	KJV	In Galilee
40018001	KJV	Jesus and His Disciples
40019001	KJV	Beyond Jordan
40019015	KJV	The Rich Young Ruler
40020001	KJV	Labourers in the Vineyard
40020019	KJV	Mother of James and John
40020029	KJV	Two Blind Men
40021001	KJV	In Jerusalem
40021001	KJV	Triumphal Entry
40021011	KJV	Cleansed the Temple
40021017	KJV	The Barren Fig Tree
40021032	KJV	The Wicked Husbandmen
40022001	KJV	The Wedding Garment
40022014	KJV	Tribute to Cæsar
40022022	KJV	Silencing the Sadducees
40022033	KJV	Reproving the Pharisees
40023001	KJV	The Great Denunciation
40024001	KJV	Destruction of the Temple
40024014	KJV	The Abomination of Desolation
40024028	KJV	The Coming of the Son of Man
40024041	KJV	Watch therefore
40025001	KJV	The Ten Virgins
40025013	KJV	The Talents
40025030	KJV	The Judgement
40026001	KJV	The Death of Jesus
40026005	KJV	Anointing at Bethany
40026013	KJV	The Betrayal
40026016	KJV	The Last Supper
40026035	KJV	Arrest and Trial
40027010	KJV	Jesus Before Pilate
40027032	KJV	The Crucifixion
40027056	KJV	The Burial
40028001	KJV	The Resurrection
41001013	KJV	Jesus in Galilee
41001015	KJV	His First Disciples
41001020	KJV	In Capernaum
41001037	KJV	A Preaching Tour
41002001	KJV	Forgives Sin
41002014	KJV	Eats With Sinners
41002022	KJV	In the Cornfields
41003001	KJV	A Sabbath Day
41003012	KJV	His Twelve Apostles
41003030	KJV	His Mother and Brethren
41004001	KJV	Parables of the Kingdom
41004034	KJV	A Storm on the Lake
41005001	KJV	The Country of the Gadarenes
41005020	KJV	The Daughter of Jairus
41006001	KJV	Rejection at Nazareth
41006006	KJV	Sends Out Apostles
41006013	KJV	Herod's Alarm
41006029	KJV	In a Desert Place
41006044	KJV	Across the Lake
41007001	KJV	Growing Opposition
41007023	KJV	Tyre and Sidon
41007030	KJV	Coasts of Decapolis
41008009	KJV	Dalmanutha
41008021	KJV	Bethsaida
41008026	KJV	Cæsarea Philippi
41009001	KJV	Mount of Transfiguration
41009032	KJV	Capernaum
41010001	KJV	Jesus in Judæa
41010001	KJV	Beyond Jordan
41010031	KJV	On the Way to Jerusalem
41010034	KJV	The Sons of Zebedee
41010045	KJV	Jericho
41011001	KJV	Holy Week
41011001	KJV	Sunday
41011011	KJV	Monday
41011019	KJV	Tuesday
41014001	KJV	Wednesday
41014011	KJV	Thursday
41014052	KJV	Friday
41016001	KJV	Sunday
42001004	KJV	The Birth and Boyhood of Jesus
42001025	KJV	The Annunciation
42001045	KJV	The Magnificat
42001066	KJV	The Benedictus
42002007	KJV	The Angels' Song
42002024	KJV	The Song of Simeon
42002040	KJV	The Boyhood of Jesus
42003001	KJV	His Baptism and Temptation
42003020	KJV	The Baptism of Jesus
42003022	KJV	Family Records
42004001	KJV	His Temptation
42004013	KJV	His Message and Mission
42004015	KJV	His Proclamation
42004029	KJV	At Capernaum
42005001	KJV	His First Disciples
42005011	KJV	His Healing Ministry
42005026	KJV	The Call of Levi
42006001	KJV	Sabbath Problems
42006012	KJV	His Twelve Apostles
42006019	KJV	Addresses His Disciples
42007001	KJV	A Gentile Believer
42007010	KJV	The Widow of Nain
42007018	KJV	The Baptist's Question
42007035	KJV	In a Pharisee's House
42008001	KJV	Certain Women
42008003	KJV	Parable of the Sower
42008021	KJV	Storm on the Lake
42008025	KJV	Casting out Devils
42008040	KJV	Jairus' Daughter
42009001	KJV	Commissions His Apostles
42009009	KJV	Feeding Five Thousand
42009017	KJV	The Great Confession
42009027	KJV	The Transfiguration
42009042	KJV	The Shadow of His Passion
42009050	KJV	On the way to Jerusalem
42009056	KJV	Would-be Disciples
42010001	KJV	Seventy Evangelists
42010016	KJV	Their Return
42010020	KJV	Thanksgiving
42010024	KJV	The Good Samaritan
42010037	KJV	Martha and Mary
42011001	KJV	The Lord's Prayer
42011013	KJV	An Evil Generation
42011036	KJV	In a Pharisee's House
42012001	KJV	The Leaven of the Pharisees
42012021	KJV	The Lilies and Ravens
42012031	KJV	The Little Flock
42013001	KJV	A Warning to the Nation
42013022	KJV	The Strait Gate
42013033	KJV	Lament over Jerusalem
42014001	KJV	Round a Pharisee's Table
42014024	KJV	To a Wayside Crowd
42015002	KJV	The Lost Sheep
42015007	KJV	The Lost Coin
42015010	KJV	The Prodigal Son
42016001	KJV	The Unjust Steward
42016018	KJV	The Rich Man and Lazarus
42017001	KJV	Take Heed to Yourselves
42017010	KJV	A Grateful Samaritan
42017019	KJV	The Days of the Son of Man
42018001	KJV	Parables on Prayer
42018014	KJV	Little Children
42018017	KJV	A Rich Young Ruler
42018027	KJV	Peter's Reaction
42018030	KJV	An Aside to the Disciples
42018034	KJV	On the Jericho Road
42019001	KJV	Zacchæus
42019011	KJV	Parable of the Pounds
42019027	KJV	In Jerusalem
42019027	KJV	Triumphal Entry
42019044	KJV	Jesus in the Temple
42020008	KJV	Wicked Husbandmen
42020018	KJV	Chief Priests and Scribes
42020026	KJV	Sadducees
42020038	KJV	David's Son
42021001	KJV	The Widow's Mites
42021004	KJV	Signs of the Times
42021028	KJV	Behold the Trees
42021036	KJV	Visits Olivet
42022001	KJV	His Death and Resurrection
42022006	KJV	The Last Supper
42022038	KJV	Gethsemane
42022046	KJV	Betrayal and Arrest
42022053	KJV	Peter's Denial
42022065	KJV	Early Morning Trial
42023001	KJV	Jesus before Pilate
42023007	KJV	Before Herod
42023012	KJV	Pilate's Judgement
42023025	KJV	On the Way to the Cross
42023032	KJV	Calvary
42023038	KJV	The Penitent Thief
42023043	KJV	After the Crucifixion
42023049	KJV	The Burial
42024001	KJV	The Resurrection
42024012	KJV	On the Way to Emmaus
42024029	KJV	The Evening Meal
42024032	KJV	Return to Jerusalem
42024035	KJV	Peace be unto you
42024043	KJV	Ye are my witnesses
42024049	KJV	The Ascension
43001014	KJV	John the Baptist's Testimony
43001028	KJV	Behold the Lamb of God
43001034	KJV	His First Disciples
43002001	KJV	His First Miracle
43002012	KJV	The First Passover
43003021	KJV	John the Baptist
43004004	KJV	The Woman of Samaria
43005001	KJV	At Another Festival
43006001	KJV	The Second Passover
43006004	KJV	The Bread of Life
43007001	KJV	The Feast of Tabernacles
43008011	KJV	The Light of the World
43010001	KJV	The Good Shepherd
43010021	KJV	The Feast of the Dedication
43011001	KJV	The Lord of Life
43011054	KJV	The Approaching Passover
43013001	KJV	The Third Passover
43013001	KJV	The Last Supper
43015001	KJV	The True Vine
43017001	KJV	The Prayer of Jesus
43018001	KJV	The Betrayal
43018027	KJV	The Trial
43019001	KJV	The Crucifixion
43020001	KJV	The Resurrection
44001011	KJV	The Church in Jerusalem
44001014	KJV	Peter's Speech
44002013	KJV	Peter's Explanation
44003001	KJV	At the Gate of the Temple
44003011	KJV	Peter's Answer
44004001	KJV	Peter and John Imprisoned
44004007	KJV	Peter's Defence
44005001	KJV	Ananias and Sapphira
44005016	KJV	The Apostles Imprisoned
44005033	KJV	Gamaliel's Speech
44006001	KJV	The Appointment of Stephen
44007001	KJV	Stephen's Speech
44007053	KJV	Death of Stephen
44008003	KJV	The Church in Judæa and Samaria
44008025	KJV	Philip and an Ethiopian
44009001	KJV	Conversion of Saul
44009030	KJV	The State of the Church
44009031	KJV	Peter's Journeys
44010001	KJV	Conversion of Cornelius
44011001	KJV	Peter Interviewed by Council
44011018	KJV	The Church in Antioch
44012001	KJV	Peter Imprisoned in Jerusalem
44012023	KJV	The Call of Barnabus and Saul
44013003	KJV	First Missionary Journey
44013013	KJV	Antioch in Pisidia
44014001	KJV	Iconium
44014007	KJV	Lystra
44014018	KJV	Derbe
44014023	KJV	Antioch
44015001	KJV	Council at Jerusalem
44015012	KJV	Judgement of James
44015021	KJV	Letter to the Churches
44015035	KJV	Second Missionary Journey
44015040	KJV	Churches Revisited
44016010	KJV	Philippi
44017001	KJV	Thessalonica and Berea
44017021	KJV	Paul's Address
44018001	KJV	Corinth
44018018	KJV	Ephesus
44018022	KJV	Third Missionary Journey
44019001	KJV	Ephesus
44019022	KJV	Diana of the Ephesians
44020001	KJV	Macedonia
44020005	KJV	Troas
44020012	KJV	Assos
44020016	KJV	Miletus
44021002	KJV	Tyre
44021007	KJV	Cæsarea
44021014	KJV	On to Jerusalem
44021016	KJV	Paul in Jerusalem
44021026	KJV	An Uproar
44021036	KJV	Paul's Defence
44022029	KJV	Before the Sanhedrin
44023011	KJV	A Plot Defeated
44024001	KJV	Paul before Felix
44025001	KJV	Appeal to Cæsar
44025022	KJV	Paul before Agrippa
44026001	KJV	Paul's Speech
44027001	KJV	Paul's Journey to Rome
44027012	KJV	A Storm
44027026	KJV	The Shipwreck
44028001	KJV	Malta
44028015	KJV	Paul in Rome
45001007	KJV	The Gospel of Salvation
45001017	KJV	The State of the World
45002001	KJV	Jews as Well as Gentiles
45003001	KJV	They Are All Under Sin
45003020	KJV	God's Saving Gift
45004001	KJV	Grasped by Faith
45005001	KJV	Peace with God
45006001	KJV	Complete Renewal
45007001	KJV	A Change of Masters
45008001	KJV	The Spirit of God Within You
45008013	KJV	Sons of God
45008017	KJV	A Glory to be Revealed
45008030	KJV	More than Conquerors
45009001	KJV	The Problem of the Jews
45009013	KJV	The Problem
45009029	KJV	The Divine Justice of It
45011001	KJV	The Divine Purpose in It
45011016	KJV	The Grafted Tree
45012001	KJV	Christian Living
45013001	KJV	Civil and Social Duties
45014001	KJV	Christian Charity and Unity
45014012	KJV	The Christian Spirit
45015006	KJV	To the Glory of God
45015013	KJV	Personal Messages
46001009	KJV	Divisions in the Church
46004017	KJV	I Will Come to You
46005001	KJV	Moral Disorders
46007001	KJV	Questions Regarding Marriage
46008001	KJV	Social Questions
46011001	KJV	Christian Worship
46011016	KJV	The Lord's Supper
46012001	KJV	Spiritual Gifts
46013001	KJV	The More Excellent Way
46014001	KJV	The Gift of Tongues
46015001	KJV	The Resurrection of the Dead
46016001	KJV	Administrative and Personal
47001002	KJV	Comfort in Tribulation
47002001	KJV	Triumph in Christ
47003001	KJV	Proof of Our Ministry
47004001	KJV	Treasure in Earthen Vessels
47005001	KJV	A House Not Made With Hands
47005010	KJV	For the Glory of God
47005015	KJV	A New Creature
47005019	KJV	Ambassadors for Christ
47006013	KJV	Entanglements
47007004	KJV	The Mission of Titus
47008001	KJV	God Loves a Cheerful Giver
47010001	KJV	Paul Answers His Opponents
47011015	KJV	Paul's Defence
47013001	KJV	His Approaching Visit
48001005	KJV	Paul Defends His Authority
48003001	KJV	Defends the Truth of His Message
48005001	KJV	Commends the New Life
49001002	KJV	The Gospel of Your Salvation
49002001	KJV	The Household of God
49003001	KJV	The Apostle of this Gospel
49003013	KJV	His Prayer and Appeal
49004001	KJV	Prisoner of the Lord
49004016	KJV	Christian Living
49006001	KJV	Domestic Relationships
50001002	KJV	The Heart of the Apostle
50002001	KJV	The Mind of Christ
50003001	KJV	Paul and Christ
50004001	KJV	Paul and the Philippians
50004007	KJV	Think on These Things
51001014	KJV	The Supremacy of Christ
51002005	KJV	The All-sufficiency of Christ
51003001	KJV	His Sovereign Will
52001001	KJV	Their Work of Faith
52002001	KJV	Their Ties With the Apostle
52003001	KJV	Timothy's Visit
52004001	KJV	The New Life
52004012	KJV	The Coming of the Lord
52005011	KJV	Be at Peace
53001002	KJV	Rejoicing in their Fidelity
53003001	KJV	Soliciting Their Support
54001002	KJV	The Christian Ministry
54004001	KJV	The Good Minister
54006010	KJV	Fight the Good Fight
54006016	KJV	The Use of Riches
55001002	KJV	Timothy, the Beloved
55002001	KJV	God's Soldier and Workman
55003001	KJV	In Perilous Times
55004001	KJV	A Farewell Charge
56001004	KJV	Stewards of God
56002001	KJV	Sound Doctrine
56003001	KJV	Social Service
58003001	KJV	Jesus and Moses
58004013	KJV	Jesus our Great High Priest
58007001	KJV	Melchisedec
58008001	KJV	The Greatness of His Ministry
58010018	KJV	Draw Near in Faith
58012001	KJV	Run with Patience
58013001	KJV	Perfect in Every Good Work
61002001	KJV	False Teachers
66004001	KJV	A Vision of Heaven
66005001	KJV	The Sealed Book
66006001	KJV	Opening of the Seals
66007001	KJV	Sealing the Servants of God
66008001	KJV	Trumpet Peals
66010001	KJV	The Angel and the Book
66011001	KJV	The Angel and the Temple
66011014	KJV	The Last Trumpet's Peal
66012001	KJV	War in Heaven
66013001	KJV	War in the Sea and on Land
66014001	KJV	The Church Triumphant
66016001	KJV	Visions of Judgement
66017001	KJV	Visions of Doom
66019001	KJV	Songs of Deliverance
66020010	KJV	Visions of Glory
66021001	KJV	A New Heaven and Earth
66022005	KJV	The Words of this Book
18038001	KJV	The LORD Answered Job
7002001	KJV	The Angel of the LORD
